No,date,NSE,NFO,CDS,NSLB,NCOM,NMF,BSE,BFO,BCD,BSLB,BCOM,MCX
1,26-Jan-26,Republic Day,Republic Day,Republic Day,Republic Day,Republic Day,,Republic Day,Republic Day,Republic Day,Republic Day,Republic Day,Republic Day
2,03-Mar-26,Holi,Holi,Holi,Holi,Holi,,Holi,Holi,Holi,Holi,Holi,Holi
3,26-Mar-26,Shri Ram Navami ,Shri Ram Navami,Shri Ram Navami ,Shri Ram Navami ,Shri Ram Navami ,Shri Ram Navami ,Shri Ram Navami ,Shri Ram Navami ,Shri Ram Navami ,Shri Ram Navami ,Shri Ram Navami 
4,31-Mar-26,Mahavir Jayanti,Mahavir Jayanti,Mahavir Jayanti,Mahavir Jayanti,Mahavir Jayanti,,Mahavir Jayanti,Mahavir Jayanti,Mahavir Jayanti,Mahavir Jayanti,Mahavir Jayanti,Mahavir Jayanti
5,03-Apr-26 ,Good Friday,Good Friday,Good Friday,Good Friday,Good Friday,,Good Friday,Good Friday,Good Friday,Good Friday,Good Friday,Good Friday
6,14-Apr-26,Baba Saheb Ambedkar Jayanti,Baba Saheb Ambedkar Jayanti,Baba Saheb Ambedkar Jayanti,Baba Saheb Ambedkar Jayanti,Baba Saheb Ambedkar Jayanti,,Baba Saheb Ambedkar Jayanti,Baba Saheb Ambedkar Jayanti,Baba Saheb Ambedkar Jayanti,Baba Saheb Ambedkar Jayanti,Baba Saheb Ambedkar Jayanti,Baba Saheb Ambedkar Jayanti
7,01-May-26,Maharashtra Day,Maharashtra Day,Maharashtra Day,Maharashtra Day,Maharashtra Day,,Maharashtra Day,Maharashtra Day,Maharashtra Day,Maharashtra Day,Maharashtra Day,Maharashtra Day
8,28-May-26,Bakri Id ,Bakri Id ,Bakri Id ,Bakri Id ,Bakri Id ,,Bakri Id ,Bakri Id ,Bakri Id ,Bakri Id ,Bakri Id ,Bakri Id 
9,26-June-26,Muharram,Muharram,Muharram,Muharram,Muharram,,Muharram,Muharram,Muharram,Muharram,Muharram,Muharram
10,14-Sep-26,Ganesh Chaturthi*,Ganesh Chaturthi*,Ganesh Chaturthi*,Ganesh Chaturthi*,Ganesh Chaturthi*,,Ganesh Chaturthi*,Ganesh Chaturthi*,Ganesh Chaturthi*,Ganesh Chaturthi*,Ganesh Chaturthi*,Ganesh Chaturthi
11,02-Oct-26,Mahatma Gandhi Jayanti,Mahatma Gandhi Jayanti,Mahatma Gandhi Jayanti,Mahatma Gandhi Jayanti,Mahatma Gandhi Jayanti,Mahatma Gandhi Jayanti,Mahatma Gandhi Jayanti,Mahatma Gandhi Jayanti,Mahatma Gandhi Jayanti,Mahatma Gandhi Jayanti,Mahatma Gandhi Jayanti
12,20-Oct-26,Dussehra,Dussehra,Dussehra,Dussehra,Dussehra,,Dussehra,Dussehra,Dussehra,Dussehra,Dussehra,Dussehra
13,10-Nov-26,Diwali-Balipratipada,Diwali-Balipratipada,Diwali-Balipratipada,Diwali-Balipratipada,Diwali-Balipratipada,,Diwali-Balipratipada,Diwali-Balipratipada,Diwali-Balipratipada,Diwali-Balipratipada,Diwali-Balipratipada,Diwali-Balipratipada
14,24-Nov-26,Prakash Gurpurb Sri Guru Nanak Dev ,Prakash Gurpurb Sri Guru Nanak Dev ,Prakash Gurpurb Sri Guru Nanak Dev ,Prakash Gurpurb Sri Guru Nanak Dev ,Prakash Gurpurb Sri Guru Nanak Dev ,Prakash Gurpurb Sri Guru Nanak Dev ,Prakash Gurpurb Sri Guru Nanak Dev ,Prakash Gurpurb Sri Guru Nanak Dev ,Prakash Gurpurb Sri Guru Nanak Dev ,Prakash Gurpurb Sri Guru Nanak Dev ,Prakash Gurpurb Sri Guru Nanak Dev 
15,25-Dec-26,Christmas,Christmas,Christmas,Christmas,Christmas,,Christmas,Christmas,Christmas,Christmas,Christmas,Christmas

