No,date,NSE,NFO,CDS,NSLB,NCOM,NMF,BSE,BFO,BCD,BSLB,BCOM,NCDEX,MCX,NIE,BIX
1,03-Jan-26,Mock,Mock,Mock,Mock,Mock,Mock,Mock,Mock,Mock,Mock,Mock,,,,
2,07-Feb-26,Mock,Mock,Mock,Mock,Mock,Mock,Mock,Mock,Mock,Mock,Mock,,,,
3,07-mar-26,Mock,Mock,Mock,Mock,Mock,Mock,Mock,Mock,Mock,Mock,Mock,,,,
4,04-Apr-26,Mock,Mock,Mock,Mock,Mock,Mock,Mock,Mock,Mock,Mock,Mock,,,,
5,02-May-26,Mock,Mock,Mock,Mock,Mock,Mock,Mock,Mock,Mock,Mock,Mock,,,,
6,06-Jun-26,Mock,Mock,Mock,Mock,Mock,Mock,Mock,Mock,Mock,Mock,Mock,,,Mock,Mock
7,04-Jul-26,Mock,Mock,Mock,Mock,Mock,Mock,Mock,Mock,Mock,Mock,Mock,,,,
8,01-Aug-26,Mock,Mock,Mock,Mock,Mock,Mock,Mock,Mock,Mock,Mock,Mock,,,,
9,05-Sep-26,Mock,Mock,Mock,Mock,Mock,Mock,Mock,Mock,Mock,Mock,Mock,,,,
10,03-Oct-26,Mock,Mock,Mock,Mock,Mock,Mock,Mock,Mock,Mock,Mock,Mock,,,,
11,07-Nov-26,Mock,Mock,Mock,Mock,Mock,Mock,Mock,Mock,Mock,Mock,Mock,,,,
12,05-Dec-26,Mock,Mock,Mock,Mock,Mock,Mock,Mock,Mock,Mock,Mock,Mock,,,,

